,Age,CommuteTime
count,21.0,21.0
mean,30.857142857142858,45.42857142857143
std,8.753774696013796,42.24283540267086
min,19.0,0.0
25%,26.0,10.0
50%,30.0,40.0
75%,33.0,45.0
max,57.0,150.0
